Němčina;Čeština;Profese
das Lama;lama;obecné
das Haus;dům;obecné
der Hund;pes;obecné
die Katze;kočka;obecné
das Buch;kniha;obecné
der Tisch;stůl;obecné
die Blume;květina;zahradník
das Auto;auto;automechanik
der Baum;strom;zahradník
die Schule;škola;učitel
der Schreibtisch;psací stůl;kancelář
der Stuhl;židle;kancelář
der Computer;počítač;kancelář
der Monitor;monitor;kancelář
die Tastatur;klávesnice;kancelář
die Maus;myš;kancelář
das Dokument;dokument;kancelář
das Formular;formulář;kancelář
das Büro;kancelář;kancelář
der Drucker;tiskárna;kancelář
der Scanner;skener;kancelář
der Kopierer;kopírka;kancelář
der Aktenschrank;kartotéka;kancelář
das Regal;regál;kancelář
das Telefon;telefon;kancelář
die E-Mail;e-mail;kancelář
die Besprechung;porada;kancelář
das Notebook;notebook;kancelář
der Papierkorb;koš;kancelář
das Whiteboard;tabule;kancelář
der Chef;šéf;obecné
die Kollegin;kolegyně;kancelář
der Kollege;kolega;kancelář
das Meeting;schůzka;kancelář
der Projektor;projektor;kancelář
die Präsentation;prezentace;kancelář
die Einladung;pozvánka;obecné
der Termin;termín;obecné
das Homeoffice;home office;kancelář
die Entscheidung;rozhodnutí;obecné
das Projekt;projekt;obecné
die Priorität;priorita;obecné
das Feedback;zpětná vazba;obecné
der Entwurf;návrh;kancelář
der Status;stav;kancelář
die Kosten;náklady;obecné
das Team;tým;obecné
die Unterlagen;podklady;kancelář
die Deadline;termín (uzávěrka);obecné
die Zusammenarbeit;spolupráce;obecné
der Feierabend;volno po práci;obecné
die Pause;přestávka;obecné
die Kantine;jídelna;obecné
der Schrank;skříň;obecné
die Tür;dveře;obecné
das Fenster;okno;obecné
die Lampe;lampa;obecné
das WC;záchod;obecné
die Umkleide;šatna;obecné
die Schicht;směna;obecné
die Frühschicht;ranní směna;obecné
die Spätschicht;odpolední směna;obecné
die Nachtschicht;noční směna;obecné
die Tagschicht;denní směna;obecné
der Schichtplan;plán směn;obecné
die Arbeitszeit;pracovní doba;obecné
die Teilzeit;zkrácený úvazek;obecné
die Vollzeit;plný úvazek;obecné
die Gleitzeit;pružná pracovní doba;obecné
der Dienstplan;rozpis služeb;obecné
der Urlaub;dovolená;obecné
der Feiertag;svátek;obecné
die Krankmeldung;nahlášení nemoci;obecné
die Vertretung;zástup;obecné
der Spind;skříňka;obecné
die Erste Hilfe;první pomoc;obecné
der Feuerlöscher;hasicí přístroj;obecné
der Unfall;úraz;obecné
die Warnweste;výstražná vesta;obecné
die Schutzbrille;ochranné brýle;obecné
die Vorschrift;předpis;obecné
die Sicherheit;bezpečnost;obecné
das Fließband;výrobní pás;obecné
die Reparatur;oprava;obecné
die Störung;porucha;obecné
der Defekt;závada;obecné
die Schraube;šroub;obecné
die Bohrmaschine;vrtačka;obecné
die Qualität;kvalita;obecné
das Material;materiál;obecné
die Sicherheitsschuhe;bezpečnostní boty;obecné
die Werkstatt;dílna;obecné
der Moment;moment / chvilka;obecné
die Zeit;čas;obecné
die Maschine;stroj;obecné
das Teil;díl / součástka;obecné
das Förderband;výrobní pás;obecné
die Quote;kvóta;obecné
die Stunde;hodina;obecné
der Schichtbetrieb;směnný provoz;obecné
die Schutzkleidung;ochranný oděv;obecné
die Werkzeuge;nářadí;obecné
der Helm;helma;zedník
der Hammer;kladivo;zedník
das Brett;deska / prkno;truhlář
das Eichenholz;dubové dřevo;truhlář
das Holz;dřevo;truhlář
die Verarbeitung;zpracování;truhlář
die Kanten;hrany;truhlář
die Säge;pila;truhlář
der Leim;lepidlo;truhlář
das Gerüst;lešení;zedník
der Zement;cement;zedník
die Pläne;plány;zedník
das Erdgeschoss;přízemí;obecné
der Mörtel;malta;zedník
die Mauer;zeď;zedník
die Baustelle;stavba (místo);zedník
der Patient;pacient;sestřička
das Fieber;teplota / horečka;sestřička
die Medikamente;léky;sestřička
das Blut;krev;sestřička
die Schmerzen;bolesti;sestřička
der Schwindel;závrať;sestřička
der Arzt;lékař;sestřička
die Visite;vizita;sestřička
das Tagesmenü;denní menu;gastro
das Gericht;jídlo / pokrm;gastro
das Fleisch;maso;gastro
das Messer;nůž;gastro
die Pfanne;pánev;gastro
der Kochtopf;hrnec;gastro
die Suppe;polévka;gastro
die Kräuter;bylinky;gastro
die Soße;omáčka;gastro
das Gemüse;zelenina;gastro
der Kühlraum;chladicí místnost / box;gastro
der Knoblauch;česnek;gastro
der Küchenchef;šéfkuchař;gastro
die Vorspeise;předkrm;gastro
das Hauptgericht;hlavní chod;gastro
der Teller;talíř;gastro
der Nachtisch;dezert;gastro
das Besteck;příbor;gastro
das Glas;sklenice;gastro
die Serviette;ubrousek;gastro
die Tischdecke;ubrus;gastro
das Trinkgeld;spropitné;gastro
die Allergie;alergie;gastro
das Bier;pivo;gastro
die Speisekarte;jídelní lístek;gastro
die Rechnung;účet / faktura;gastro
die Kasse;pokladna;pokladní
der Kassenbon;účtenka;pokladní
die Kundenkarte;zákaznická karta;pokladní
das Wechselgeld;peníze nazpět;pokladní
das Kleingeld;drobné;pokladní
der Einkaufswagen;nákupní vozík;pokladní
der Einkaufskorb;nákupní košík;pokladní
die Ware;zboží;pokladní
das Angebot;nabídka / akce;pokladní
der Rabatt;sleva;pokladní
die Tüte;taška (igelitová/papírová);pokladní
das Pfand;záloha (za láhve);pokladní
die Tiefkühlkost;mražené potraviny;pokladní
die Molkereiprodukte;mléčné výrobky;pokladní
die Bäckerei;pekařství;pokladní
das Haltbarkeitsdatum;datum trvanlivosti;pokladní
der Barcode;čárový kód;pokladní
das Lager;sklad;pokladní
der Kunde;zákazník;pokladní
der Staubsauger;vysavač;uklízečka
der Wischer;mop / stěrač;uklízečka
das Reinigungsmittel;čisticí prostředek;uklízečka
der Eimer;kýbl;uklízečka
der Lappen;hadr;uklízečka
der Besen;koště;uklízečka
der Staub;prach;uklízečka
der Müll;odpadky;uklízečka
die Mülltonne;popelnice;uklízečka
der Schwamm;houbička;uklízečka
das Waschbecken;umyvadlo;uklízečka
die Toilette;toaleta;uklízečka
das Treppenhaus;schodiště;uklízečka
der Stock;patro;uklízečka
die Seife;mýdlo;uklízečka
das Toilettenpapier;toaletní papír;uklízečka
der Schmutz;špína;uklízečka
der Besprechungsraum;jednací místnost;uklízečka
die Handschuhe;rukavice;uklízečka
Ich spreche Deutsch.;Já mluvím německy.;obecné
Er liest ein Buch.;On čte knihu.;obecné
Wir gehen nach Hause.;My jdeme domů.;obecné
Sie trinkt Kaffee.;Ona pije kávu.;obecné
Du läufst sehr schnell.;Ty běžíš velmi rychle.;obecné
Ich bin müde.;Já jsem unavený/á.;obecné
Er ist Lehrer.;On je učitel.;učitel
Wir sind Studenten.;My jsme studenti.;učitel
Sie hat eine Katze.;Ona má kočku.;obecné
Du hast Hunger.;Ty máš hlad.;obecné
Ich höre gern Musik.;Já rád/a poslouchám hudbu.;obecné
Er spielt Fußball.;On hraje fotbal.;obecné
Wir gehen ins Kino.;My jdeme do kina.;obecné
Sie kocht sehr gut.;Ona vaří velmi dobře.;obecné
Du singst schön.;Ty zpíváš krásně.;obecné
Ich trinke Wasser.;Já piji vodu.;obecné
Er öffnet die Tür.;On otevírá dveře.;obecné
Wir lernen Deutsch.;My se učíme německy.;obecné
Sie schließt das Fenster.;Ona zavírá okno.;obecné
Du hilfst mir.;Ty mi pomáháš.;obecné
Wann fängst du an zu arbeiten?;Kdy začínáš pracovat?;obecné
Hast du heute viel Arbeit?;Máš dnes hodně práce?;obecné
Kannst du mir damit helfen?;Můžeš mi s tím pomoct?;obecné
Wer ist dafür verantwortlich?;Kdo je za to zodpovědný?;obecné
Ich brauche mehr Zeit.;Potřebuji více času.;obecné
Das ist nicht meine Verantwortung.;To není moje zodpovědnost.;obecné
Ich habe einen Fehler gemacht.;Udělal jsem chybu.;obecné
Wo sind die Schutzhandschuhe?;Kde jsou ochranné rukavice?;obecné
Muss ich eine Schutzbrille tragen?;Musím nosit ochranné brýle?;obecné
Das ist gefährlich.;To je nebezpečné.;obecné
Pass auf!;Dávej pozor!;obecné
Die Maschine ist kaputt.;Ten stroj je rozbitý.;obecné
Wer ist für die Sicherheit verantwortlich?;Kdo je zodpovědný za bezpečnost?;obecné
Wir sollten das melden.;Měli bychom to nahlásit.;obecné
Ich brauche eine Sicherheitsschulung.;Potřebuji bezpečnostní školení.;obecné
Kannst du die Maschine ausschalten?;Můžeš vypnout ten stroj?;obecné
Kannst du mir das erklären?;Můžeš mi to vysvětlit?;obecné
Ich bin nicht deiner Meinung.;Nesouhlasím s tebou.;obecné
Das ist keine gute Idee.;To není dobrý nápad.;obecné
Hast du heute Zeit?;Máš dnes čas?;obecné
Machen wir das zusammen?;Uděláme to společně?;obecné
Das ist nicht fair.;To není fér.;obecné
Das ist nicht mein Problem.;To není můj problém.;obecné
Können wir eine Lösung finden?;Můžeme najít řešení?;obecné
Warum hast du das gemacht?;Proč jsi to udělal?;obecné
Das war ein Missverständnis.;To bylo nedorozumění.;obecné
Ich habe eine Frage.;Mám otázku.;obecné
Ich brauche Urlaub.;Potřebuji dovolenou.;obecné
Mein Kind ist krank.;Moje dítě je nemocné.;obecné
Ich bin damit nicht zufrieden.;Nejsem s tím spokojený.;obecné
Ich entschuldige mich für den Fehler.;Omlouvám se za chybu.;obecné
Ich bin gleich fertig.;Budu hned hotov.;obecné
Das ist ein technisches Problem.;To je technický problém.;obecné
Ich melde mich später bei Ihnen.;Ozvu se Vám později.;obecné
Die Maschine muss sofort gestoppt werden.;Ten stroj se musí okamžitě zastavit.;obecné
Leg das Teil auf das Förderband.;Polož ten díl na dopravní pás.;obecné
Wir müssen die Quote pro Stunde einhalten.;Musíme dodržet kvótu za hodinu.;obecné
Wir arbeiten im Schichtbetrieb.;Pracujeme na směny.;obecné
Ist die Schutzkleidung obligatorisch?;Je ochranný oděv povinný?;obecné
Die Werkzeuge müssen gereinigt werden.;Nářadí se musí vyčistit.;obecné
Ich brauche eine kurze Pause.;Potřebuji krátkou pauzu.;obecné
Kontrollieren Sie bitte die Qualität der Teile.;Zkontrolujte prosím kvalitu těch dílů.;obecné
Das Material ist fast leer; wir müssen neues bestellen.;Materiál skoro došel; musíme objednat nový.;obecné
Haben Sie die Sicherheitsschuhe angezogen?;Máte obuté bezpečnostní boty?;obecné
Können Sie mir beim Tragen helfen?;Můžete mi pomoci s nošením?;obecné
Wer hat heute Abend die Nachtschicht?;Kdo má dnes večer noční směnu?;obecné
Wir müssen die Werkstatt sauber machen.;Musíme uklidit dílnu.;obecné
Haben Sie einen Moment Zeit für mich?;Máte na mě chvilku čas?;obecné
Ich schicke dir die Einladung zum Meeting.;Posílám ti pozvánku na schůzku.;kancelář
Können wir den Termin verschieben?;Můžeme ten termín posunout?;kancelář
Ich bin heute im Homeoffice.;Dnes jsem na home office.;kancelář
Haben wir dazu schon eine Entscheidung?;Máme k tomu už nějaké rozhodnutí?;kancelář
Ich kümmere mich darum.;Postarám se o to.;kancelář
Das Projekt hat hohe Priorität.;Tento projekt má vysokou prioritu.;kancelář
Schreib mir bitte eine kurze E-Mail.;Napiš mi prosím krátký e-mail.;kancelář
Ich brauche dein Feedback zu diesem Entwurf.;Potřebuji tvoji zpětnou vazbu k tomuto návrhu.;kancelář
Wie ist der aktuelle Status?;Jaký je aktuální stav?;kancelář
Wir müssen die Kosten senken.;Musíme snížit náklady.;kancelář
Ich habe eine Frage zur Rechnung.;Mám dotaz k faktuře.;kancelář
Unser Team arbeitet sehr effizient.;Náš tým pracuje velmi efektivně.;kancelář
Kannst du mir die Unterlagen schicken?;Můžeš mi poslat ty podklady?;kancelář
Wir besprechen das beim nächsten Mal.;Probereme to příště.;kancelář
Die Deadline ist morgen Mittag.;Termín (deadline) je zítra v poledne.;kancelář
Vielen Dank für die gute Zusammenarbeit.;Děkuji moc za dobrou spolupráci.;kancelář
Wo finde ich das Dokument?;Kde najdu ten dokument?;kancelář
Gehen wir zusammen Mittag essen?;Půjdeme spolu na oběd?;kancelář
Wann hast du heute Pause?;Kdy máš dneska pauzu?;kancelář
Hast du den Chef angesprochen?;Oslovil jsi šéfa?;kancelář
Ich schreibe jetzt E-Mails.;Teď píšu e-maily.;kancelář
Druckst du das Dokument?;Vytiskneš ten dokument?;kancelář
Ich brauche einen Termin.;Potřebuji termín.;kancelář
Das Meeting beginnt sofort.;Schůzka začíná hned.;kancelář
Kannst du mir helfen?;Můžeš mi pomoct?;kancelář
Dieses Holz ist zu feucht für die Verarbeitung.;Toto dřevo je příliš vlhké na zpracování.;truhlář
Ich muss die Kanten noch schleifen.;Musím ještě zbrousit hrany.;truhlář
Wo ist die Säge und der Leim?;Kde je pila a lepidlo?;truhlář
Ich habe das Brett falsch zugeschnitten.;Špatně jsem tu desku uřízl.;truhlář
Der Schrank ist aus massivem Eichenholz.;Ta skříň je z masivního dubového dřeva.;truhlář
Misch bitte den Mörtel an.;Namíchej prosím maltu.;zedník
Die Mauer muss genau gerade sein.;Ta zeď musí být přesně rovná.;zedník
Tragen Sie auf der Baustelle immer einen Helm.;Na stavbě noste vždy helmu.;zedník
Wir bauen heute das Gerüst auf.;Dnes stavíme lešení.;zedník
Der Zement muss noch zwei Stunden trocknen.;Cement musí ještě dvě hodiny schnout.;zedník
Wo sind die Pläne für das Erdgeschoss?;Kde jsou plány pro přízemí?;zedník
Geben Sie mir bitte den Hammer.;Dejte mi prosím to kladivo.;zedník
Ich muss Ihnen Blut abnehmen.;Musím vám odebrat krev.;sestřička
Haben Sie Schmerzen oder Schwindel?;Máte bolesti nebo závratě?;sestřička
Der Arzt kommt gleich zur Visite.;Lékař přijde hned na vizitu.;sestřička
Ich muss bei diesem Patienten Fieber messen.;Musím tomuto pacientovi změřit teplotu.;sestřička
Haben Sie Ihre Medikamente schon genommen?;Už jste si vzal své léky?;sestřička
Ich helfe Ihnen beim Aufstehen.;Pomůžu vám se vstáváním.;sestřička
Das Messer muss sehr scharf sein.;Ten nůž musí být velmi ostrý.;gastro
Ich brate das Fleisch in der Pfanne.;Smažím to maso na pánvi.;gastro
Die Suppe schmeckt ein bisschen zu salzig.;Ta polévka chutná trochu moc slaně.;gastro
Stellen Sie die Teller in den Wärmeschrank.;Dejte ty talíře do ohřívací skříně.;gastro
Wo sind die frischen Kräuter für die Soße?;Kde jsou čerstvé bylinky do té omáčky?;gastro
Ich muss das Gemüse noch putzen und schneiden.;Musím ještě očistit a nakrájet zeleninu.;gastro
Haben wir noch genug Vorräte im Kühlraum?;Máme ještě dost zásob v chladicím boxu?;gastro
Die Bestellung für Tisch Nummer fünf ist fertig.;Objednávka pro stůl číslo pět je hotová.;gastro
Ist in diesem Gericht Knoblauch enthalten?;Je v tomto jídle obsažen česnek?;gastro
Ist in diesem Gericht Fleisch enthalten?;Obsahuje toto jídlo maso?;gastro
Haben Sie schon bestellt?;Máte už objednáno?;gastro
Ein großes Bier und die Speisekarte bitte.;Jedno velké pivo a jídelní lístek; prosím.;gastro
Hat es Ihnen geschmeckt?;Chutnalo vám?;gastro
Ich bringe Ihnen sofort die Rechnung.;Hned vám přinesu účet.;gastro
Der Tisch am Fenster ist reserviert.;Stůl u okna je rezervovaný.;gastro
Möchten Sie zusammen oder getrennt bezahlen?;Chcete platit dohromady; nebo zvlášť?;gastro
Ich empfehle Ihnen das Tagesmenü.;Doporučuji vám denní menu.;gastro
Möchten Sie schon einen Nachtisch bestellen?;Chcete si už objednat dezert?;gastro
Ich decke den Tisch für vier Personen.;Prostírám stůl pro čtyři osoby.;gastro
Bringen Sie dem Gast bitte ein neues Besteck.;Přineste prosím hostovi nový příbor.;gastro
Die Gläser müssen poliert werden.;Ty sklenice se musí vyleštit.;gastro
Wir haben heute eine Empfehlung vom Küchenchef.;Dnes máme doporučení od šéfkuchaře.;gastro
Ich nehme die Getränkebestellung auf.;Přijmu objednávku na nápoje.;gastro
Ich bestelle einen Espresso.;Objednávám si espresso.;gastro
Ich backe frisches Gebäck.;Peču čerstvé pečivo.;gastro
Ich serviere kalte Vorspeisen.;Servíruji studené předkrmy.;gastro
Ich genieße süße Nachtische.;Vychutnávám si sladké dezerty.;gastro
Ich mache viel Milchschaum.;Dělám hodně mléčné pěny.;gastro
Ich kaufe heute Brot.;Dnes kupuji chléb.;gastro
Ich bringe zuerst Suppe.;Přinesu nejdříve polévku.;gastro
Ich finde Kuchen lecker.;Považuji dort za chutný.;gastro
Guten Tag; haben Sie eine Kundenkarte?;Dobrý den; máte zákaznickou kartu?;pokladní
Das macht zusammen achtundzwanzig Euro.;Dělí to dohromady dvacet osm euro.;pokladní
Zahlen Sie bar oder mit Karte?;Platíte hotově; nebo kartou?;pokladní
Brauchen Sie den Kassenbon?;Potřebujete účtenku?;pokladní
Obst und Gemüse müssen Sie dort abwiegen.;Ovoce a zeleninu musíte zvážit tamto.;pokladní
Können Sie bitte eine zweite Kasse öffnen?;Můžete prosím otevřít druhou pokladnu?;pokladní
Dieses Produkt ist leider ausverkauft.;Tento produkt je bohužel vyprodaný.;pokladní
Das Mindesthaltbarkeitsdatum ist abgelaufen.;Datum minimální trvanlivosti vypršelo.;pokladní
Vorsicht; der Boden ist frisch gewischt.;Pozor; podlaha je čerstvě vytřená.;pokladní
Wir müssen die Regale neu auffüllen.;Musíme znovu doplnit regály.;pokladní
Suchen Sie ein bestimmtes Produkt?;Hledáte nějaký konkrétní produkt?;pokladní
Die Pfandflaschen können Sie dort abgeben.;Zálohované láhve můžete odevzdat tamto.;pokladní
Haben Sie noch Kleingeld?;Máte ještě drobné?;pokladní
Das Angebot gilt nur bis Samstag.;Tato nabídka platí jen do soboty.;pokladní
Entschuldigung; wo finde ich das Waschmittel?;Omlouvám se; kde najdu prací prášek?;pokladní
Ich fange heute im ersten Stock an.;Dnes začnu v prvním patře.;uklízečka
Der Müll muss jeden Abend geleert werden.;Odpadky se musí vynášet každý večer.;uklízečka
Wo stehen der Staubsauger und der Wischer?;Kde stojí vysavač a mop?;uklízečka
Der Boden ist nass; bitte seien Sie vorsichtig.;Podlaha je mokrá; buďte prosím opatrní.;uklízečka
Ich habe alle Fenster im Büro geputzt.;Umyl(a) jsem všechna okna v kanceláři.;uklízečka
Die Reinigungsmittel sind fast leer.;Čisticí prostředky jsou skoro pryč (spotřebované).;uklízečka
Können Sie mir bitte neue Lappen geben?;Můžete mi prosím dát nové hadry?;uklízečka
Muss ich heute auch den Teppich reinigen?;Musím dnes vyčistit i ten koberec?;uklízečka
Bitte benutzen Sie diesen Reiniger für das Bad.;Prosím; používejte tento čistič na koupelnu.;uklízečka
Ich bin fertig mit dem Treppenhaus.;Jsem hotov(a) se schodištěm.;uklízečka
Gibt es einen Schlüssel für diesen Raum?;Existuje od této místnosti klíč?;uklízečka
Ich habe den Staub auf den Regalen gewischt.;Utřel(a) jsem prach na regálech.;uklízečka
Das Waschbecken ist leider verstopft.;Umyvadlo je bohužel ucpané.;uklízečka
Wir brauchen mehr Seife und Toilettenpapier.;Potřebujeme víc mýdla a toaletního papíru.;uklízečka
Haben Sie noch spezielle Wünsche für heute?;Máte pro dnešek ještě nějaká speciální přání?;uklízečka
der Motor;motor;automechanik
die Bremse;brzda;automechanik
der Reifen;pneumatika;automechanik
das Werkzeug;nářadí;automechanik
Ich muss das Öl wechseln.;Musím vyměnit olej.;automechanik
Die Batterie ist leer.;Baterie je vybitá.;automechanik
Können Sie den Reifendruck prüfen?;Můžete zkontrolovat tlak v pneumatikách?;automechanik
der Baum;strom;zahradník
die Schaufel;lopata;zahradník
die Gießkanne;konve;zahradník
der Rasenmäher;sekačka na trávu;zahradník
die Erde;hlína / zemina;zahradník
der Zaun;plot;zahradník
Ich muss die Pflanzen gießen.;Musím zalít rostliny.;zahradník
Wir schneiden heute die Hecke.;Dnes stříháme živý plot.;zahradník
Der Rasen muss gemäht werden.;Trávník se musí posekat.;zahradník
Haben Sie Dünger für die Rosen?;Máte hnojivo na růže?;zahradník
Ich pflanze einen neuen Baum im Garten.;Sázím na zahradě nový strom.;zahradník
Den Ölstand regelmäßig prüfen.;Pravidelně kontrolovat stav oleje.;automechanik
Die Bremsbeläge sofort wechseln.;Okamžitě vyměnit brzdové destičky.;automechanik
Den Fehlerspeicher jetzt auslesen.;Teď vyčíst paměť závad.;automechanik
Die Zündkerzen schnell austauschen.;Rychle vyměnit zapalovací svíčky.;automechanik
Den Reifendruck genau messen.;Přesně změřit tlak v pneu.;automechanik
Die Autobatterie voll aufladen.;Plně nabít autobaterii.;automechanik
Den kaputten Auspuff reparieren.;Opravit rozbitý výfuk.;automechanik
Einen Termin online vereinbaren.;Sjednat si termín online.;automechanik
Die Sicherung sofort prüfen.;Okamžitě zkontrolovat pojistku.;elektrikář
Die Steckdose richtig anschließen.;Správně zapojit zásuvku.;elektrikář
Die Spannung vorsichtig messen.;Opatrně změřit napětí.;elektrikář
Den Stromkreis schnell unterbrechen.;Rychle přerušit elektrický obvod.;elektrikář
Das alte Kabel austauschen.;Vyměnit starý kabel.;elektrikář
Den Lichtschalter kurz reparieren.;Krátce opravit vypínač.;elektrikář
Den Schaltplan genau lesen.;Přesně číst schéma zapojení.;elektrikář
Einen Kurzschluss sicher vermeiden.;Bezpečně zabránit zkratu.;elektrikář
Ich repariere das Rohr.;Opravuji to potrubí.;instalatér
Ich tausche den Wasserhahn.;Vyměňuji vodovodní kohoutek.;instalatér
Ich dichte die Verbindung.;Těsním ten spoj.;instalatér
Ich reinige den Abfluss.;Čistím ten odpad.;instalatér
Ich installiere eine Heizung.;Instaluji topení.;instalatér
Ich schließe das Becken.;Zapojuji to umyvadlo.;instalatér
Ich stoppe das Wasser.;Zastavuji tu vodu.;instalatér
Ich prüfe den Wasserdruck.;Kontroluji tlak vody.;instalatér
Ich wasche Ihre Haare.;Umyji Vám vlasy.;kadeřník
Wie kurz schneiden wir?;Jak nakrátko stříháme?;kadeřník
Ich föhne die Haare.;Fénuju vlasy.;kadeřník
Welche Farbe wählen wir?;Jakou barvu vybereme?;kadeřník
Ich schneide nur Spitzen.;Stříhám jen konečky.;kadeřník
Soll ich Gel benutzen?;Mám použít gel?;kadeřník
Der Haarschnitt steht Ihnen.;Ten sestřih Vám sluší.;kadeřník
Ich kämme Ihre Haare.;Češu Vám vlasy.;kadeřník
die Schere;nůžky;kadeřník
der Kamm;hřeben;kadeřník
der Föhn;fén;kadeřník
die Farbe;barva;kadeřník
das Shampoo;šampon;kadeřník
der Spiegel;zrcadlo;kadeřník
der Haarschnitt;střih;kadeřník
der Umhang;přehoz / pláštěnka;kadeřník
die Bürste;kartáč;kadeřník
das Handtuch;ručník;kadeřník
die Sprinkleranlage;sprinklerový systém;systemy_pro_haseni
die Löschanlage;hasicí systém;systemy_pro_haseni
die Brandmeldeanlage;požární hlásič;systemy_pro_haseni
die Rohrleitung;potrubí;systemy_pro_haseni
die Pumpe;pumpa;systemy_pro_haseni
die Dieselpumpe;dieselová pumpa;systemy_pro_haseni
die Elektropumpe;elektrická pumpa;systemy_pro_haseni
die Nassanlage;mokrá stanice;systemy_pro_haseni
die Trockenanlage;suchá stanice;systemy_pro_haseni
der Behälter;nádoba / zásobník;systemy_pro_haseni
das Ventil;ventil;systemy_pro_haseni
der Hydrant;hydrant;systemy_pro_haseni
das Rückschlagventil;zpětný ventil;systemy_pro_haseni
der Druckmesser;tlakoměr;systemy_pro_haseni
die Steuerung;řídicí jednotka;systemy_pro_haseni
der Alarm;alarm;systemy_pro_haseni
Wir müssen die Wartung durchführen.;Musíme provést údržbu.;systemy_pro_haseni
Wir haben heute Notdienst.;Máme dnes pohotovost.;systemy_pro_haseni
Der Kunde hat eine Störung.;Zákazník má poruchu.;systemy_pro_haseni
Ein Sprinkler ist defekt.;Jeden sprinkler je nefunkční.;systemy_pro_haseni
Eine Instandsetzung ist nötig.;Je nutná oprava.;systemy_pro_haseni
Ich prüfe die Sprinkleranlage.;Kontroluji sprinklerový systém.;systemy_pro_haseni
Der Wasserdruck ist zu niedrig.;Tlak vody je příliš nízký.;systemy_pro_haseni
Ich tausche das Ventil aus.;Vyměňuji ten ventil.;systemy_pro_haseni
der Wasseranschluss;přípojka vody;systemy_pro_haseni
die Spüleinrichtung;proplachovací zařízení;systemy_pro_haseni
der Erdbehälter;podzemní nádrž;systemy_pro_haseni
der Hochbehälter;nadzemní nádrž;systemy_pro_haseni
der Zwischenbehälter;nádrž s redukovaným objemem;systemy_pro_haseni
die Füllstandsanzeige;ukazatel hladiny;systemy_pro_haseni
der Kompressor;kompresor;systemy_pro_haseni
die Sprinklerpumpe mit E-Motor;sprinklerové čerpadlo s elektropohonem;systemy_pro_haseni
die Sprinklerpumpe mit Dieselmotor;sprinklerové čerpadlo s dieselem;systemy_pro_haseni
der Kraftstoffbehälter;nádrž na palivo;systemy_pro_haseni
das Notstromaggregat;náhradní zdroj el. energie;systemy_pro_haseni
der Auffüllbehälter;plnící nádrž;systemy_pro_haseni
die Rückschlagklappe;zpětná klapka;systemy_pro_haseni
der Steinfänger;lapač kamenů;systemy_pro_haseni
der Feuerwehranschluss;připojení hasičů;systemy_pro_haseni
das Überströmventil;přetlakový ventil;systemy_pro_haseni
die Heizung der Sprinklerzentrale;vytápění strojovny sprinklerů;systemy_pro_haseni
die Behälterheizung;vytápění nádrže;systemy_pro_haseni
die Rohrbegleitheizung;vytápění potrubí;systemy_pro_haseni
der Schaltschrank;rozvaděč;systemy_pro_haseni
die Nass-Alarmventilstation (NAV);mokrá ventilová stanice;systemy_pro_haseni
die Alarmglocke;poplachový zvon;systemy_pro_haseni
die Trocken-Alarmventilstation (TAV);suchá ventilová stanice;systemy_pro_haseni
der Revisionsschieber;revizní šoupátko;systemy_pro_haseni
die vorgesteuerte TAV;předstihová ventilová stanice;systemy_pro_haseni
die Tandemventilstation;tandemová ventilová stanice;systemy_pro_haseni
die Fernschaltventilstation;ventilová stanice na dálkové ovládání;systemy_pro_haseni
der Schnellöffner;rychlootvírač;systemy_pro_haseni
die Trennstation;dělící stanice;systemy_pro_haseni
der Systemtrenner;systémový oddělovač;systemy_pro_haseni
die Hupe;siréna / houkačka;systemy_pro_haseni
die Blitzleuchte;zábleskové čidlo;systemy_pro_haseni
die Druckerhöhungspumpe;čerpadlo pro zvýšení tlaku;systemy_pro_haseni
der Strömungswächter;průtokový hlásič;systemy_pro_haseni
der Sprinkler;sprinkler;systemy_pro_haseni
der Doppelsprinkler;dvojitý sprinkler;systemy_pro_haseni
der Trockensprinkler;sprinkler suchý;systemy_pro_haseni
der Testsprinkler;sprinkler testovací;systemy_pro_haseni
die Entleerung;vypouštění;systemy_pro_haseni
die Entwässerungseinheit;odvodňovací jednotka;systemy_pro_haseni
der Frostschutzmittelbehälter;nádrž na nemrznoucí směs;systemy_pro_haseni
der Wärmefühler;tepelné čidlo;systemy_pro_haseni
die Wasserschleierdüse;tryska vodní clony;systemy_pro_haseni
der Handauslösekasten;ruční hlásič;systemy_pro_haseni
die Dosieranlage;dávkovací systém;systemy_pro_haseni
der Korrosionsschutzmittelbehälter;nádrž pro antikorozní ochranu;systemy_pro_haseni
die Hydranteneinrichtung;hydrantové zařízení;systemy_pro_haseni
der Schnellentlüfter;rychloodvzdušňovač;systemy_pro_haseni
die Störmeldezentrale;monitorovací centrála;systemy_pro_haseni
der Schaummittelvorratstank;zásobní nádrž pěnidla;systemy_pro_haseni
der Venturizumischer;Venturiho příměšovadlo;systemy_pro_haseni
der Druckzumischer;tlakový přiměšovač;systemy_pro_haseni
der Motorschieber;motorové šoupě;systemy_pro_haseni
die Schaummittelpumpe;pěnové čerpadlo;systemy_pro_haseni
der Schaumerzeuger;generátor pěny;systemy_pro_haseni
der Schaumwasserwerfer;pěnové vodní dělo;systemy_pro_haseni
die Laboruntersuchung;laboratorní test;systemy_pro_haseni
die Prüfung der Zumischrate;zkouška příměsi pěnidla;systemy_pro_haseni
das Software-Update;aktualizace softwaru;systemy_pro_haseni
die Schnittstellenvernetzung;rozhraní / centrální síť;systemy_pro_haseni
die Meldergruppen;skupiny hlásičů;systemy_pro_haseni
die Meldeloops;signální smyčky;systemy_pro_haseni
die Batterien / Akkus;baterie / akumulátory;systemy_pro_haseni
die externe Stromversorgung;externí napájení;systemy_pro_haseni
der Protokolldrucker;protokolová tiskárna;systemy_pro_haseni
der Wartungsschalter;přepínač revize;systemy_pro_haseni
die Visualisierung;vizualizace;systemy_pro_haseni
die Meldungspunkte;body hlášení;systemy_pro_haseni
das Lageplantableau;tablo rozmístění;systemy_pro_haseni
die Lampen;světla / lampy;systemy_pro_haseni
die Hinweisleuchte;indikační světlo;systemy_pro_haseni
das Warntransparent;značení úniková cesta;systemy_pro_haseni
die Hauptmelderansteuerung;ovládání hlavního hlásiče;systemy_pro_haseni
das Feuerwehrschlüsseldepot;sklad klíčů hasičů;systemy_pro_haseni
das Feuerwehranzeigetableau;hasičský zobrazovací panel;systemy_pro_haseni
die Feuerwehrlaufkarten;průvodky pro hasiče;systemy_pro_haseni
das Feuerwehrbedienfeld;ovládací panel hasičů;systemy_pro_haseni
die Freischalteinrichtung;odpojovací zařízení;systemy_pro_haseni
das automatische Wahlgerät;automatická přenosová ústředna;systemy_pro_haseni
die übertragenen Kanäle;přenášené kanály;systemy_pro_haseni
die Weitermeldung;přenos hlášení;systemy_pro_haseni
das optische Alarmmittel;optický alarm;systemy_pro_haseni
das akustische Alarmmittel;zvukový alarm;systemy_pro_haseni
das Alarmsteuergerät;alarmová řídicí jednotka;systemy_pro_haseni
der Druckknopffeuermelder;tlačítko požárního poplachu;systemy_pro_haseni
die Handauslösung;ruční spuštění;systemy_pro_haseni
der Stopptaster;tlačítko zastavení;systemy_pro_haseni
der Nachfluttaster;tlačítko dodatečného zaplavení;systemy_pro_haseni
der Rauchmelder;kouřový hlásič;systemy_pro_haseni
der Wärmemelder;tepelný detektor;systemy_pro_haseni
der Multisensor;multisenzor;systemy_pro_haseni
der Brandgassensor;snímač požárního plynu;systemy_pro_haseni
das CO2-Warngerät;výstražné zařízení CO2;systemy_pro_haseni
der Flammenmelder;detektor plamene;systemy_pro_haseni
der Funkenmelder;detektor jisker;systemy_pro_haseni
die Anzeigen;displeje / ukazatele;systemy_pro_haseni
das Branderkennungselement;prvek detekce požáru;systemy_pro_haseni
das Rauchansaugsystem;systém nasávání kouře;systemy_pro_haseni
der Kanalmelder;detektor kanálu;systemy_pro_haseni
der Bypassmelder;detektor bypassu;systemy_pro_haseni
der Loopkoppler;spojka smyčky;systemy_pro_haseni
die Gasmeldezentrale;plynová hlásicí centrála;systemy_pro_haseni
die Gasmeldelinienkarte;přehled linek hlášení plynu;systemy_pro_haseni
der Gasmelder;plynový detektor;systemy_pro_haseni
die Gaslöschbereiche;plynem hašené sektory;systemy_pro_haseni
die Löschanlagenüberwachung;monitorování hasicích systémů;systemy_pro_haseni
der Alarmdruckschalter;alarmový tlakový spínač;systemy_pro_haseni
die Auslösung;spouštění;systemy_pro_haseni
die Doppelsprinklerzentrale;ústředna pro dvojité sprinklery;systemy_pro_haseni
die Türsteuerzentrale;centrála řízení dveří;systemy_pro_haseni
die Feststelleinrichtung;uzamykací zařízení;systemy_pro_haseni
der Haftmagnet;přídržný magnet;systemy_pro_haseni
die Klimaabschaltung;vypnutí klimatizace;systemy_pro_haseni
die Maschinenabschaltung;vypnutí strojů;systemy_pro_haseni
die Löschautomatik;automatický hasicí systém;systemy_pro_haseni
das Heizband;topná páska;systemy_pro_haseni
die Behälterheizung;ohřev nádrže;systemy_pro_haseni
die Rohrbegleitheizung;ohřev potrubí;systemy_pro_haseni
der Heizkreis;topný okruh;systemy_pro_haseni
das Eingangsmodul;vstupní modul;systemy_pro_haseni
das Ausgangsmodul;výstupní modul;systemy_pro_haseni
die Flaschenbatterie;lahvová baterie;systemy_pro_haseni
die Löschmittelflaschen;láhve s hasivem;systemy_pro_haseni
das Sammelrohr;sběrné potrubí;systemy_pro_haseni
die Wiegeeinrichtung;vážicí zařízení;systemy_pro_haseni
die Steuerflaschen;kontrolní lahve;systemy_pro_haseni
das Verteilerrohr;rozdělovač / rozdělovací potrubí;systemy_pro_haseni
das Sicherheitsventil;bezpečnostní ventil;systemy_pro_haseni
das Bereichsventil;sekční ventil;systemy_pro_haseni
das Richtungsventil;směrový ventil;systemy_pro_haseni
der Druckkompensator;kompenzátor tlaku;systemy_pro_haseni
das Auslösegewicht;spouštěcí hmotnost;systemy_pro_haseni
die Blockiereinrichtung;blokovací zařízení;systemy_pro_haseni
die Verzögerungseinrichtung;zpožďovací zařízení;systemy_pro_haseni
das Wechselrückschlagventil;střídavý zpětný ventil;systemy_pro_haseni
der Schmutzfänger;lapač nečistot;systemy_pro_haseni
die Schleichgassicherung;ochrana proti úniku plynu;systemy_pro_haseni
das Seilzugsystem;kabelový systém / lankový systém;systemy_pro_haseni
das Thermotrennglied;tepelný izolátor;systemy_pro_haseni
der pneumatische Wärmefühler;pneumatický tepelný senzor;systemy_pro_haseni
das Makrofon;siréna / makrofon;systemy_pro_haseni
das Alarmsteuergerät;poplachová řídicí jednotka;systemy_pro_haseni
die pneumatische Türentriegelung;pneumatické odblokování dveří;systemy_pro_haseni
die elektrische Hupe;elektrická houkačka;systemy_pro_haseni
die Blitzleuchte;blikající maják;systemy_pro_haseni
der Niederdruckbehälter;nízkotlaká nádrž;systemy_pro_haseni
das Kühlaggregat;chladicí jednotka;systemy_pro_haseni
die Befülleinrichtung;plnicí zařízení;systemy_pro_haseni
die Sicherheitsabsperrarmatur;bezpečnostní uzavírací ventil;systemy_pro_haseni
das Doppelsicherheitsventil;dvojitý pojistný ventil;systemy_pro_haseni
der elektrische Schaltschrank;elektrický rozvaděč;systemy_pro_haseni
die Hauptabsperrarmatur;hlavní uzavírací ventil;systemy_pro_haseni
das Vorsteuerventil;předstihový řídicí ventil;systemy_pro_haseni
die Odorierungseinrichtung;odorizační zařízení;systemy_pro_haseni
die Servoventileinheit;jednotka servoventilu;systemy_pro_haseni
das Entlüftungsventil;odvzdušňovací ventil;systemy_pro_haseni
das Rückschlagventil;zpětná klapka;systemy_pro_haseni
die exzentrische Klappe;excentrická klapka;systemy_pro_haseni
die Türen und Tore;dveře a brány;systemy_pro_haseni
das Branderkennungselement;prvek detekce požáru;systemy_pro_haseni
die BMZ Požární ústředna;požární ústředna (BMZ);systemy_pro_haseni
die elektrische Steuereinrichtung;elektrická řídicí jednotka;systemy_pro_haseni
die Energieversorgung;dodávka energie / napájení;systemy_pro_haseni
die Warnschilder;výstražné značení;systemy_pro_haseni
die akustische Alarmierung;akustický poplašný systém;systemy_pro_haseni
die optische Alarmierung;optický poplašný systém;systemy_pro_haseni
